,mutations,esm_sampled,esm_if_sampled,esm_z_sampled,esm_if_z_sampled
0,A109F,0.0,0.0,0.0,1.0
1,A109M,0.0,1.0,0.0,0.0
2,A124S,1.0,0.0,0.0,0.0
3,A150D,0.0,1.0,0.0,0.0
4,A150P,1.0,0.0,1.0,1.0
5,A163G,0.0,0.0,1.0,0.0
6,A171C,0.0,0.0,1.0,0.0
7,A171E,0.0,1.0,0.0,0.0
8,A171V,1.0,0.0,0.0,0.0
9,A171W,0.0,0.0,0.0,1.0
10,A182P,0.0,1.0,1.0,1.0
11,A190G,0.0,0.0,1.0,0.0
12,C105I,0.0,1.0,0.0,0.0
13,C108M,0.0,1.0,0.0,0.0
14,D167A,1.0,0.0,0.0,0.0
15,D54A,0.0,1.0,0.0,0.0
16,D54K,1.0,0.0,0.0,0.0
17,E160D,1.0,0.0,0.0,0.0
18,E92P,0.0,0.0,0.0,1.0
19,G174I,0.0,0.0,0.0,1.0
20,G176V,0.0,0.0,0.0,1.0
21,G26A,0.0,0.0,1.0,0.0
22,G26R,0.0,0.0,0.0,1.0
23,G99E,1.0,0.0,0.0,0.0
24,G99F,0.0,0.0,1.0,0.0
25,G99R,0.0,0.0,0.0,1.0
26,H90N,1.0,1.0,0.0,0.0
27,I10N,0.0,0.0,0.0,1.0
28,I149V,1.0,0.0,1.0,0.0
29,I166F,1.0,0.0,0.0,0.0
30,I166R,0.0,0.0,1.0,0.0
31,I52M,1.0,0.0,1.0,0.0
32,I89C,0.0,0.0,0.0,1.0
33,I89S,0.0,0.0,1.0,0.0
34,I89V,0.0,1.0,0.0,0.0
35,K142C,0.0,0.0,0.0,1.0
36,K142R,0.0,1.0,0.0,0.0
37,K198A,1.0,0.0,0.0,0.0
38,K59R,1.0,0.0,0.0,0.0
39,K6P,0.0,0.0,1.0,1.0
40,L118I,0.0,0.0,1.0,0.0
41,L22G,0.0,0.0,1.0,0.0
42,L61C,0.0,0.0,1.0,0.0
43,L68R,0.0,0.0,0.0,1.0
44,L83Y,0.0,0.0,0.0,1.0
45,P43E,0.0,0.0,0.0,1.0
46,P50R,0.0,0.0,1.0,0.0
47,P70V,0.0,0.0,1.0,0.0
48,Q136A,0.0,1.0,0.0,0.0
49,Q136D,1.0,0.0,1.0,0.0
50,Q164D,0.0,1.0,0.0,0.0
51,Q164E,1.0,0.0,0.0,0.0
52,Q205A,1.0,0.0,0.0,0.0
53,Q205C,0.0,0.0,1.0,0.0
54,Q205K,0.0,1.0,0.0,0.0
55,Q2G,0.0,0.0,0.0,1.0
56,Q2N,1.0,1.0,0.0,0.0
57,Q44R,0.0,1.0,0.0,0.0
58,Q4P,0.0,0.0,0.0,1.0
59,Q82K,1.0,0.0,0.0,0.0
60,Q82R,0.0,1.0,0.0,0.0
61,R188P,0.0,0.0,0.0,1.0
62,R188Q,0.0,1.0,0.0,0.0
63,R201Q,0.0,1.0,0.0,0.0
64,R78K,1.0,1.0,0.0,0.0
65,S130A,0.0,1.0,0.0,0.0
66,S131E,0.0,1.0,0.0,0.0
67,S147A,1.0,0.0,0.0,0.0
68,S91A,0.0,1.0,0.0,0.0
69,S91I,0.0,0.0,1.0,0.0
70,S91P,1.0,0.0,0.0,0.0
71,T116A,1.0,1.0,0.0,0.0
72,T116D,0.0,0.0,0.0,1.0
73,V151L,0.0,0.0,0.0,1.0
74,V186P,0.0,0.0,1.0,0.0
75,V186T,0.0,0.0,0.0,1.0
76,V204G,0.0,0.0,1.0,0.0
77,V204I,0.0,0.0,0.0,1.0
78,V28L,1.0,0.0,1.0,0.0
79,V36I,1.0,0.0,1.0,0.0
80,V98D,0.0,0.0,0.0,1.0
81,W3F,0.0,1.0,0.0,0.0
